Workbook

Sheet Habit Tracker
A1: Generated 2026-08-19 | v2.0
B2: SAGE HABIT DASHBOARD
B4: OVERALL SUCCESS RATE | F4: TOP ACTIVE STREAK | J4: TOTAL CHECK-INS
B6: =IFERROR(AVERAGE(G13:G27), 0) | F6: =MAX(H13:H27) | J6: =SUM(F13:F27)
B10: DAILY PROGRESS LOG - AUGUST 2026
B11: Habit Name | C11: Category | D11: Frequency | E11: Target | F11: Done | G11: Success % | H11: Streak | I11: Progress Bar | J11: =J12 | K11: =K12 | L11: =L12 | M11: =M12 | N11: =N12 | O11: =O12 | P11: =P12 | Q11: =Q12 | ... AN11: =AN12
J12: 46235 | K12: 46236 | L12: 46237 | M12: 46238 | N12: 46239 | O12: 46240 | P12: 46241 | Q12: 46242 | R12: 46243 | S12: 46244 | T12: 46245 | U12: 46246 | V12: 46247 | W12: 46248 | X12: 46249 | Y12: 46250 | Z12: 46251 | AA12: 46252 | AB12: 46253 | AC12: 46254 | AD12: 46255 | AE12: 46256 | AF12: 46257 | AG12: 46258 | AH12: 46259 | AI12: 46260 | AJ12: 46261 | AK12: 46262 | AL12: 46263 | AM12: 46264 | AN12: 46265
B13: Morning Meditation | C13: Mind | D13: Daily | E13: =IF(D13="Daily",31,IF(D13="6x/week",26,IF(D13="5x/week",22,IF(D13="4x/week",18,IF(D13="3x/week",13,IF(D13="2x/week",9,IF(D13="1x/week",4,0))))))) | F13: =COUNTIF(J13:AN13, "✔") | G13: =IF(E13=0, 0, MIN(1, F13/E13)) | H13: =IFERROR(LOOKUP(9.99999999999999E+307, Streak_Helper!J13:AN13), 0) | I13: =REPT("■", ROUND(G13*10,0)) & REPT("░", 10 - ROUND(G13*10,0)) | J13: ✔ | K13: ✔ | L13: ✔ | P13: ✔ | Q13: ✔ | R13: ✔ | T13: ✔ | V13: ✔ | X13: ✔ | Y13: ✔ | Z13: ✔
B14: Strength Training | C14: Health | D14: 3x/week | E14: =IF(D14="Daily",31,IF(D14="6x/week",26,IF(D14="5x/week",22,IF(D14="4x/week",18,IF(D14="3x/week",13,IF(D14="2x/week",9,IF(D14="1x/week",4,0))))))) | F14: =COUNTIF(J14:AN14, "✔") | G14: =IF(E14=0, 0, MIN(1, F14/E14)) | H14: =IFERROR(LOOKUP(9.99999999999999E+307, Streak_Helper!J14:AN14), 0) | I14: =REPT("■", ROUND(G14*10,0)) & REPT("░", 10 - ROUND(G14*10,0)) | K14: ✔ | L14: ✔ | M14: ✔ | N14: ✔ | O14: ✔ | P14: ✔ | Q14: ✔ | R14: — | S14: ✔ | T14: ✔ | U14: — | V14: ✔ | W14: ✔ | X14: ✔ | Y14: ✔ | Z14: ✔ | AA14: ✔
B15: Read 15 Pages | C15: Mind | D15: Daily | E15: =IF(D15="Daily",31,IF(D15="6x/week",26,IF(D15="5x/week",22,IF(D15="4x/week",18,IF(D15="3x/week",13,IF(D15="2x/week",9,IF(D15="1x/week",4,0))))))) | F15: =COUNTIF(J15:AN15, "✔") | G15: =IF(E15=0, 0, MIN(1, F15/E15)) | H15: =IFERROR(LOOKUP(9.99999999999999E+307, Streak_Helper!J15:AN15), 0) | I15: =REPT("■", ROUND(G15*10,0)) & REPT("░", 10 - ROUND(G15*10,0)) | K15: ✔ | M15: ✔ | N15: ✔ | Q15: ✔ | R15: ✔ | T15: ✔ | U15: ✔ | X15: ✔ | Z15: ✔ | AA15: ✔
B16: Drink 3L Water | C16: Health | D16: Daily | E16: =IF(D16="Daily",31,IF(D16="6x/week",26,IF(D16="5x/week",22,IF(D16="4x/week",18,IF(D16="3x/week",13,IF(D16="2x/week",9,IF(D16="1x/week",4,0))))))) | F16: =COUNTIF(J16:AN16, "✔") | G16: =IF(E16=0, 0, MIN(1, F16/E16)) | H16: =IFERROR(LOOKUP(9.99999999999999E+307, Streak_Helper!J16:AN16), 0) | I16: =REPT("■", ROUND(G16*10,0)) & REPT("░", 10 - ROUND(G16*10,0)) | J16: ✔ | K16: ✔ | L16: ✔ | N16: ✔ | O16: ✔ | P16: ✔ | Q16: ✔ | R16: ✔ | T16: ✔ | U16: ✔ | X16: ✔ | Y16: ✔ | Z16: ✔ | AA16: ✔
B17: Journaling | C17: Mind | D17: Daily | E17: =IF(D17="Daily",31,IF(D17="6x/week",26,IF(D17="5x/week",22,IF(D17="4x/week",18,IF(D17="3x/week",13,IF(D17="2x/week",9,IF(D17="1x/week",4,0))))))) | F17: =COUNTIF(J17:AN17, "✔") | G17: =IF(E17=0, 0, MIN(1, F17/E17)) | H17: =IFERROR(LOOKUP(9.99999999999999E+307, Streak_Helper!J17:AN17), 0) | I17: =REPT("■", ROUND(G17*10,0)) & REPT("░", 10 - ROUND(G17*10,0)) | N17: ✔ | O17: ✔ | P17: ✔ | Q17: ✔ | T17: ✔ | U17: ✔ | V17: ✔ | W17: ✔ | X17: ✔ | AA17: ✔
B18: No Spend Day | C18: Finance | D18: Daily | E18: =IF(D18="Daily",31,IF(D18="6x/week",26,IF(D18="5x/week",22,IF(D18="4x/week",18,IF(D18="3x/week",13,IF(D18="2x/week",9,IF(D18="1x/week",4,0))))))) | F18: =COUNTIF(J18:AN18, "✔") | G18: =IF(E18=0, 0, MIN(1, F18/E18)) | H18: =IFERROR(LOOKUP(9.99999999999999E+307, Streak_Helper!J18:AN18), 0) | I18: =REPT("■", ROUND(G18*10,0)) & REPT("░", 10 - ROUND(G18*10,0)) | J18: ✔ | L18: ✔ | N18: ✔ | R18: ✔ | S18: ✔ | T18: ✔ | U18: ✔ | V18: ✔ | Y18: ✔ | Z18: ✔
B19: Stretch / Mobility | C19: Health | D19: Daily | E19: =IF(D19="Daily",31,IF(D19="6x/week",26,IF(D19="5x/week",22,IF(D19="4x/week",18,IF(D19="3x/week",13,IF(D19="2x/week",9,IF(D19="1x/week",4,0))))))) | F19: =COUNTIF(J19:AN19, "✔") | G19: =IF(E19=0, 0, MIN(1, F19/E19)) | H19: =IFERROR(LOOKUP(9.99999999999999E+307, Streak_Helper!J19:AN19), 0) | I19: =REPT("■", ROUND(G19*10,0)) & REPT("░", 10 - ROUND(G19*10,0)) | J19: ✔ | K19: ✔ | L19: ✔ | N19: ✔ | P19: ✔ | Q19: ✔ | U19: ✔ | V19: ✔ | W19: ✔ | X19: ✔ | Y19: ✔
B20: Learn Coding | C20: Career | D20: 5x/week | E20: =IF(D20="Daily",31,IF(D20="6x/week",26,IF(D20="5x/week",22,IF(D20="4x/week",18,IF(D20="3x/week",13,IF(D20="2x/week",9,IF(D20="1x/week",4,0))))))) | F20: =COUNTIF(J20:AN20, "✔") | G20: =IF(E20=0, 0, MIN(1, F20/E20)) | H20: =IFERROR(LOOKUP(9.99999999999999E+307, Streak_Helper!J20:AN20), 0) | I20: =REPT("■", ROUND(G20*10,0)) & REPT("░", 10 - ROUND(G20*10,0)) | J20: ✔ | K20: ✔ | L20: ✔ | M20: ✔ | O20: ✔ | R20: ✔ | T20: — | U20: ✔ | V20: ✔ | W20: ✔ | X20: ✔ | Y20: ✔ | Z20: ✔ | AA20: ✔
B21: Sleep by 11 PM | C21: Health | D21: Daily | E21: =IF(D21="Daily",31,IF(D21="6x/week",26,IF(D21="5x/week",22,IF(D21="4x/week",18,IF(D21="3x/week",13,IF(D21="2x/week",9,IF(D21="1x/week",4,0))))))) | F21: =COUNTIF(J21:AN21, "✔") | G21: =IF(E21=0, 0, MIN(1, F21/E21)) | H21: =IFERROR(LOOKUP(9.99999999999999E+307, Streak_Helper!J21:AN21), 0) | I21: =REPT("■", ROUND(G21*10,0)) & REPT("░", 10 - ROUND(G21*10,0)) | J21: ✔ | O21: ✔ | P21: ✔ | R21: ✔ | T21: ✔ | W21: ✔ | X21: ✔ | Y21: ✔ | Z21: ✔ | AA21: ✔
B22: Plan Tomorrow | C22: Routine | D22: Daily | E22: =IF(D22="Daily",31,IF(D22="6x/week",26,IF(D22="5x/week",22,IF(D22="4x/week",18,IF(D22="3x/week",13,IF(D22="2x/week",9,IF(D22="1x/week",4,0))))))) | F22: =COUNTIF(J22:AN22, "✔") | G22: =IF(E22=0, 0, MIN(1, F22/E22)) | H22: =IFERROR(LOOKUP(9.99999999999999E+307, Streak_Helper!J22:AN22), 0) | I22: =REPT("■", ROUND(G22*10,0)) & REPT("░", 10 - ROUND(G22*10,0)) | J22: ✔ | K22: ✔ | L22: ✔ | N22: ✔ | P22: ✔ | Q22: ✔ | T22: ✔ | V22: ✔ | W22: ✔ | X22: ✔ | Z22: ✔ | AA22: ✔
E23: =IF(D23="Daily",31,IF(D23="6x/week",26,IF(D23="5x/week",22,IF(D23="4x/week",18,IF(D23="3x/week",13,IF(D23="2x/week",9,IF(D23="1x/week",4,0))))))) | F23: =COUNTIF(J23:AN23, "✔") | G23: =IF(E23=0, 0, MIN(1, F23/E23)) | H23: =IFERROR(LOOKUP(9.99999999999999E+307, Streak_Helper!J23:AN23), 0) | I23: =REPT("■", ROUND(G23*10,0)) & REPT("░", 10 - ROUND(G23*10,0))
E24: =IF(D24="Daily",31,IF(D24="6x/week",26,IF(D24="5x/week",22,IF(D24="4x/week",18,IF(D24="3x/week",13,IF(D24="2x/week",9,IF(D24="1x/week",4,0))))))) | F24: =COUNTIF(J24:AN24, "✔") | G24: =IF(E24=0, 0, MIN(1, F24/E24)) | H24: =IFERROR(LOOKUP(9.99999999999999E+307, Streak_Helper!J24:AN24), 0) | I24: =REPT("■", ROUND(G24*10,0)) & REPT("░", 10 - ROUND(G24*10,0))
E25: =IF(D25="Daily",31,IF(D25="6x/week",26,IF(D25="5x/week",22,IF(D25="4x/week",18,IF(D25="3x/week",13,IF(D25="2x/week",9,IF(D25="1x/week",4,0))))))) | F25: =COUNTIF(J25:AN25, "✔") | G25: =IF(E25=0, 0, MIN(1, F25/E25)) | H25: =IFERROR(LOOKUP(9.99999999999999E+307, Streak_Helper!J25:AN25), 0) | I25: =REPT("■", ROUND(G25*10,0)) & REPT("░", 10 - ROUND(G25*10,0))
E26: =IF(D26="Daily",31,IF(D26="6x/week",26,IF(D26="5x/week",22,IF(D26="4x/week",18,IF(D26="3x/week",13,IF(D26="2x/week",9,IF(D26="1x/week",4,0))))))) | F26: =COUNTIF(J26:AN26, "✔") | G26: =IF(E26=0, 0, MIN(1, F26/E26)) | H26: =IFERROR(LOOKUP(9.99999999999999E+307, Streak_Helper!J26:AN26), 0) | I26: =REPT("■", ROUND(G26*10,0)) & REPT("░", 10 - ROUND(G26*10,0))
E27: =IF(D27="Daily",31,IF(D27="6x/week",26,IF(D27="5x/week",22,IF(D27="4x/week",18,IF(D27="3x/week",13,IF(D27="2x/week",9,IF(D27="1x/week",4,0))))))) | F27: =COUNTIF(J27:AN27, "✔") | G27: =IF(E27=0, 0, MIN(1, F27/E27)) | H27: =IFERROR(LOOKUP(9.99999999999999E+307, Streak_Helper!J27:AN27), 0) | I27: =REPT("■", ROUND(G27*10,0)) & REPT("░", 10 - ROUND(G27*10,0))
B28: Daily Performance Total | F28: =SUM(F13:F27) | G28: =AVERAGE(G13:G27) | J28: =COUNTIF(J13:J27, "✔") | K28: =COUNTIF(K13:K27, "✔") | L28: =COUNTIF(L13:L27, "✔") | M28: =COUNTIF(M13:M27, "✔") | N28: =COUNTIF(N13:N27, "✔") | O28: =COUNTIF(O13:O27, "✔") | P28: =COUNTIF(P13:P27, "✔") | Q28: =COUNTIF(Q13:Q27, "✔") | ... AN28: =COUNTIF(AN13:AN27, "✔")

Sheet Streak_Helper
B11: Habit Name
J12: 46235 | K12: 46236 | L12: 46237 | M12: 46238 | N12: 46239 | O12: 46240 | P12: 46241 | Q12: 46242 | R12: 46243 | S12: 46244 | T12: 46245 | U12: 46246 | V12: 46247 | W12: 46248 | X12: 46249 | Y12: 46250 | Z12: 46251 | AA12: 46252 | AB12: 46253 | AC12: 46254 | AD12: 46255 | AE12: 46256 | AF12: 46257 | AG12: 46258 | AH12: 46259 | AI12: 46260 | AJ12: 46261 | AK12: 46262 | AL12: 46263 | AM12: 46264 | AN12: 46265
J13: =IF('Habit Tracker'!J$12>DATE(2026,8,18), "", IF('Habit Tracker'!J13="✔", 1, 0)) | K13: =IF('Habit Tracker'!K$12>DATE(2026,8,18), "", IF('Habit Tracker'!K13="✔", IF(ISNUMBER(J13), J13+1, 1), IF('Habit Tracker'!K13="—", IF(ISNUMBER(J13), J13, 0), 0))) | L13: =IF('Habit Tracker'!L$12>DATE(2026,8,18), "", IF('Habit Tracker'!L13="✔", IF(ISNUMBER(K13), K13+1, 1), IF('Habit Tracker'!L13="—", IF(ISNUMBER(K13), K13, 0), 0))) | M13: =IF('Habit Tracker'!M$12>DATE(2026,8,18), "", IF('Habit Tracker'!M13="✔", IF(ISNUMBER(L13), L13+1, 1), IF('Habit Tracker'!M13="—", IF(ISNUMBER(L13), L13, 0), 0))) | N13: =IF('Habit Tracker'!N$12>DATE(2026,8,18), "", IF('Habit Tracker'!N13="✔", IF(ISNUMBER(M13), M13+1, 1), IF('Habit Tracker'!N13="—", IF(ISNUMBER(M13), M13, 0), 0))) | O13: =IF('Habit Tracker'!O$12>DATE(2026,8,18), "", IF('Habit Tracker'!O13="✔", IF(ISNUMBER(N13), N13+1, 1), IF('Habit Tracker'!O13="—", IF(ISNUMBER(N13), N13, 0), 0))) | P13: =IF('Habit Tracker'!P$12>DATE(2026,8,18), "", IF('Habit Tracker'!P13="✔", IF(ISNUMBER(O13), O13+1, 1), IF('Habit Tracker'!P13="—", IF(ISNUMBER(O13), O13, 0), 0))) | Q13: =IF('Habit Tracker'!Q$12>DATE(2026,8,18), "", IF('Habit Tracker'!Q13="✔", IF(ISNUMBER(P13), P13+1, 1), IF('Habit Tracker'!Q13="—", IF(ISNUMBER(P13), P13, 0), 0))) | R13: =IF('Habit Tracker'!R$12>DATE(2026,8,18), "", IF('Habit Tracker'!R13="✔", IF(ISNUMBER(Q13), Q13+1, 1), IF('Habit Tracker'!R13="—", IF(ISNUMBER(Q13), Q13, 0), 0))) | ... AN13: =IF('Habit Tracker'!AN$12>DATE(2026,8,18), "", IF('Habit Tracker'!AN13="✔", IF(ISNUMBER(AM13), AM13+1, 1), IF('Habit Tracker'!AN13="—", IF(ISNUMBER(AM13), AM13, 0), 0)))
J14: =IF('Habit Tracker'!J$12>DATE(2026,8,18), "", IF('Habit Tracker'!J14="✔", 1, 0)) | K14: =IF('Habit Tracker'!K$12>DATE(2026,8,18), "", IF('Habit Tracker'!K14="✔", IF(ISNUMBER(J14), J14+1, 1), IF('Habit Tracker'!K14="—", IF(ISNUMBER(J14), J14, 0), 0))) | L14: =IF('Habit Tracker'!L$12>DATE(2026,8,18), "", IF('Habit Tracker'!L14="✔", IF(ISNUMBER(K14), K14+1, 1), IF('Habit Tracker'!L14="—", IF(ISNUMBER(K14), K14, 0), 0))) | M14: =IF('Habit Tracker'!M$12>DATE(2026,8,18), "", IF('Habit Tracker'!M14="✔", IF(ISNUMBER(L14), L14+1, 1), IF('Habit Tracker'!M14="—", IF(ISNUMBER(L14), L14, 0), 0))) | N14: =IF('Habit Tracker'!N$12>DATE(2026,8,18), "", IF('Habit Tracker'!N14="✔", IF(ISNUMBER(M14), M14+1, 1), IF('Habit Tracker'!N14="—", IF(ISNUMBER(M14), M14, 0), 0))) | O14: =IF('Habit Tracker'!O$12>DATE(2026,8,18), "", IF('Habit Tracker'!O14="✔", IF(ISNUMBER(N14), N14+1, 1), IF('Habit Tracker'!O14="—", IF(ISNUMBER(N14), N14, 0), 0))) | P14: =IF('Habit Tracker'!P$12>DATE(2026,8,18), "", IF('Habit Tracker'!P14="✔", IF(ISNUMBER(O14), O14+1, 1), IF('Habit Tracker'!P14="—", IF(ISNUMBER(O14), O14, 0), 0))) | Q14: =IF('Habit Tracker'!Q$12>DATE(2026,8,18), "", IF('Habit Tracker'!Q14="✔", IF(ISNUMBER(P14), P14+1, 1), IF('Habit Tracker'!Q14="—", IF(ISNUMBER(P14), P14, 0), 0))) | R14: =IF('Habit Tracker'!R$12>DATE(2026,8,18), "", IF('Habit Tracker'!R14="✔", IF(ISNUMBER(Q14), Q14+1, 1), IF('Habit Tracker'!R14="—", IF(ISNUMBER(Q14), Q14, 0), 0))) | ... AN14: =IF('Habit Tracker'!AN$12>DATE(2026,8,18), "", IF('Habit Tracker'!AN14="✔", IF(ISNUMBER(AM14), AM14+1, 1), IF('Habit Tracker'!AN14="—", IF(ISNUMBER(AM14), AM14, 0), 0)))
J15: =IF('Habit Tracker'!J$12>DATE(2026,8,18), "", IF('Habit Tracker'!J15="✔", 1, 0)) | K15: =IF('Habit Tracker'!K$12>DATE(2026,8,18), "", IF('Habit Tracker'!K15="✔", IF(ISNUMBER(J15), J15+1, 1), IF('Habit Tracker'!K15="—", IF(ISNUMBER(J15), J15, 0), 0))) | L15: =IF('Habit Tracker'!L$12>DATE(2026,8,18), "", IF('Habit Tracker'!L15="✔", IF(ISNUMBER(K15), K15+1, 1), IF('Habit Tracker'!L15="—", IF(ISNUMBER(K15), K15, 0), 0))) | M15: =IF('Habit Tracker'!M$12>DATE(2026,8,18), "", IF('Habit Tracker'!M15="✔", IF(ISNUMBER(L15), L15+1, 1), IF('Habit Tracker'!M15="—", IF(ISNUMBER(L15), L15, 0), 0))) | N15: =IF('Habit Tracker'!N$12>DATE(2026,8,18), "", IF('Habit Tracker'!N15="✔", IF(ISNUMBER(M15), M15+1, 1), IF('Habit Tracker'!N15="—", IF(ISNUMBER(M15), M15, 0), 0))) | O15: =IF('Habit Tracker'!O$12>DATE(2026,8,18), "", IF('Habit Tracker'!O15="✔", IF(ISNUMBER(N15), N15+1, 1), IF('Habit Tracker'!O15="—", IF(ISNUMBER(N15), N15, 0), 0))) | P15: =IF('Habit Tracker'!P$12>DATE(2026,8,18), "", IF('Habit Tracker'!P15="✔", IF(ISNUMBER(O15), O15+1, 1), IF('Habit Tracker'!P15="—", IF(ISNUMBER(O15), O15, 0), 0))) | Q15: =IF('Habit Tracker'!Q$12>DATE(2026,8,18), "", IF('Habit Tracker'!Q15="✔", IF(ISNUMBER(P15), P15+1, 1), IF('Habit Tracker'!Q15="—", IF(ISNUMBER(P15), P15, 0), 0))) | R15: =IF('Habit Tracker'!R$12>DATE(2026,8,18), "", IF('Habit Tracker'!R15="✔", IF(ISNUMBER(Q15), Q15+1, 1), IF('Habit Tracker'!R15="—", IF(ISNUMBER(Q15), Q15, 0), 0))) | ... AN15: =IF('Habit Tracker'!AN$12>DATE(2026,8,18), "", IF('Habit Tracker'!AN15="✔", IF(ISNUMBER(AM15), AM15+1, 1), IF('Habit Tracker'!AN15="—", IF(ISNUMBER(AM15), AM15, 0), 0)))
J16: =IF('Habit Tracker'!J$12>DATE(2026,8,18), "", IF('Habit Tracker'!J16="✔", 1, 0)) | K16: =IF('Habit Tracker'!K$12>DATE(2026,8,18), "", IF('Habit Tracker'!K16="✔", IF(ISNUMBER(J16), J16+1, 1), IF('Habit Tracker'!K16="—", IF(ISNUMBER(J16), J16, 0), 0))) | L16: =IF('Habit Tracker'!L$12>DATE(2026,8,18), "", IF('Habit Tracker'!L16="✔", IF(ISNUMBER(K16), K16+1, 1), IF('Habit Tracker'!L16="—", IF(ISNUMBER(K16), K16, 0), 0))) | M16: =IF('Habit Tracker'!M$12>DATE(2026,8,18), "", IF('Habit Tracker'!M16="✔", IF(ISNUMBER(L16), L16+1, 1), IF('Habit Tracker'!M16="—", IF(ISNUMBER(L16), L16, 0), 0))) | N16: =IF('Habit Tracker'!N$12>DATE(2026,8,18), "", IF('Habit Tracker'!N16="✔", IF(ISNUMBER(M16), M16+1, 1), IF('Habit Tracker'!N16="—", IF(ISNUMBER(M16), M16, 0), 0))) | O16: =IF('Habit Tracker'!O$12>DATE(2026,8,18), "", IF('Habit Tracker'!O16="✔", IF(ISNUMBER(N16), N16+1, 1), IF('Habit Tracker'!O16="—", IF(ISNUMBER(N16), N16, 0), 0))) | P16: =IF('Habit Tracker'!P$12>DATE(2026,8,18), "", IF('Habit Tracker'!P16="✔", IF(ISNUMBER(O16), O16+1, 1), IF('Habit Tracker'!P16="—", IF(ISNUMBER(O16), O16, 0), 0))) | Q16: =IF('Habit Tracker'!Q$12>DATE(2026,8,18), "", IF('Habit Tracker'!Q16="✔", IF(ISNUMBER(P16), P16+1, 1), IF('Habit Tracker'!Q16="—", IF(ISNUMBER(P16), P16, 0), 0))) | R16: =IF('Habit Tracker'!R$12>DATE(2026,8,18), "", IF('Habit Tracker'!R16="✔", IF(ISNUMBER(Q16), Q16+1, 1), IF('Habit Tracker'!R16="—", IF(ISNUMBER(Q16), Q16, 0), 0))) | ... AN16: =IF('Habit Tracker'!AN$12>DATE(2026,8,18), "", IF('Habit Tracker'!AN16="✔", IF(ISNUMBER(AM16), AM16+1, 1), IF('Habit Tracker'!AN16="—", IF(ISNUMBER(AM16), AM16, 0), 0)))
J17: =IF('Habit Tracker'!J$12>DATE(2026,8,18), "", IF('Habit Tracker'!J17="✔", 1, 0)) | K17: =IF('Habit Tracker'!K$12>DATE(2026,8,18), "", IF('Habit Tracker'!K17="✔", IF(ISNUMBER(J17), J17+1, 1), IF('Habit Tracker'!K17="—", IF(ISNUMBER(J17), J17, 0), 0))) | L17: =IF('Habit Tracker'!L$12>DATE(2026,8,18), "", IF('Habit Tracker'!L17="✔", IF(ISNUMBER(K17), K17+1, 1), IF('Habit Tracker'!L17="—", IF(ISNUMBER(K17), K17, 0), 0))) | M17: =IF('Habit Tracker'!M$12>DATE(2026,8,18), "", IF('Habit Tracker'!M17="✔", IF(ISNUMBER(L17), L17+1, 1), IF('Habit Tracker'!M17="—", IF(ISNUMBER(L17), L17, 0), 0))) | N17: =IF('Habit Tracker'!N$12>DATE(2026,8,18), "", IF('Habit Tracker'!N17="✔", IF(ISNUMBER(M17), M17+1, 1), IF('Habit Tracker'!N17="—", IF(ISNUMBER(M17), M17, 0), 0))) | O17: =IF('Habit Tracker'!O$12>DATE(2026,8,18), "", IF('Habit Tracker'!O17="✔", IF(ISNUMBER(N17), N17+1, 1), IF('Habit Tracker'!O17="—", IF(ISNUMBER(N17), N17, 0), 0))) | P17: =IF('Habit Tracker'!P$12>DATE(2026,8,18), "", IF('Habit Tracker'!P17="✔", IF(ISNUMBER(O17), O17+1, 1), IF('Habit Tracker'!P17="—", IF(ISNUMBER(O17), O17, 0), 0))) | Q17: =IF('Habit Tracker'!Q$12>DATE(2026,8,18), "", IF('Habit Tracker'!Q17="✔", IF(ISNUMBER(P17), P17+1, 1), IF('Habit Tracker'!Q17="—", IF(ISNUMBER(P17), P17, 0), 0))) | R17: =IF('Habit Tracker'!R$12>DATE(2026,8,18), "", IF('Habit Tracker'!R17="✔", IF(ISNUMBER(Q17), Q17+1, 1), IF('Habit Tracker'!R17="—", IF(ISNUMBER(Q17), Q17, 0), 0))) | ... AN17: =IF('Habit Tracker'!AN$12>DATE(2026,8,18), "", IF('Habit Tracker'!AN17="✔", IF(ISNUMBER(AM17), AM17+1, 1), IF('Habit Tracker'!AN17="—", IF(ISNUMBER(AM17), AM17, 0), 0)))
J18: =IF('Habit Tracker'!J$12>DATE(2026,8,18), "", IF('Habit Tracker'!J18="✔", 1, 0)) | K18: =IF('Habit Tracker'!K$12>DATE(2026,8,18), "", IF('Habit Tracker'!K18="✔", IF(ISNUMBER(J18), J18+1, 1), IF('Habit Tracker'!K18="—", IF(ISNUMBER(J18), J18, 0), 0))) | L18: =IF('Habit Tracker'!L$12>DATE(2026,8,18), "", IF('Habit Tracker'!L18="✔", IF(ISNUMBER(K18), K18+1, 1), IF('Habit Tracker'!L18="—", IF(ISNUMBER(K18), K18, 0), 0))) | M18: =IF('Habit Tracker'!M$12>DATE(2026,8,18), "", IF('Habit Tracker'!M18="✔", IF(ISNUMBER(L18), L18+1, 1), IF('Habit Tracker'!M18="—", IF(ISNUMBER(L18), L18, 0), 0))) | N18: =IF('Habit Tracker'!N$12>DATE(2026,8,18), "", IF('Habit Tracker'!N18="✔", IF(ISNUMBER(M18), M18+1, 1), IF('Habit Tracker'!N18="—", IF(ISNUMBER(M18), M18, 0), 0))) | O18: =IF('Habit Tracker'!O$12>DATE(2026,8,18), "", IF('Habit Tracker'!O18="✔", IF(ISNUMBER(N18), N18+1, 1), IF('Habit Tracker'!O18="—", IF(ISNUMBER(N18), N18, 0), 0))) | P18: =IF('Habit Tracker'!P$12>DATE(2026,8,18), "", IF('Habit Tracker'!P18="✔", IF(ISNUMBER(O18), O18+1, 1), IF('Habit Tracker'!P18="—", IF(ISNUMBER(O18), O18, 0), 0))) | Q18: =IF('Habit Tracker'!Q$12>DATE(2026,8,18), "", IF('Habit Tracker'!Q18="✔", IF(ISNUMBER(P18), P18+1, 1), IF('Habit Tracker'!Q18="—", IF(ISNUMBER(P18), P18, 0), 0))) | R18: =IF('Habit Tracker'!R$12>DATE(2026,8,18), "", IF('Habit Tracker'!R18="✔", IF(ISNUMBER(Q18), Q18+1, 1), IF('Habit Tracker'!R18="—", IF(ISNUMBER(Q18), Q18, 0), 0))) | ... AN18: =IF('Habit Tracker'!AN$12>DATE(2026,8,18), "", IF('Habit Tracker'!AN18="✔", IF(ISNUMBER(AM18), AM18+1, 1), IF('Habit Tracker'!AN18="—", IF(ISNUMBER(AM18), AM18, 0), 0)))
J19: =IF('Habit Tracker'!J$12>DATE(2026,8,18), "", IF('Habit Tracker'!J19="✔", 1, 0)) | K19: =IF('Habit Tracker'!K$12>DATE(2026,8,18), "", IF('Habit Tracker'!K19="✔", IF(ISNUMBER(J19), J19+1, 1), IF('Habit Tracker'!K19="—", IF(ISNUMBER(J19), J19, 0), 0))) | L19: =IF('Habit Tracker'!L$12>DATE(2026,8,18), "", IF('Habit Tracker'!L19="✔", IF(ISNUMBER(K19), K19+1, 1), IF('Habit Tracker'!L19="—", IF(ISNUMBER(K19), K19, 0), 0))) | M19: =IF('Habit Tracker'!M$12>DATE(2026,8,18), "", IF('Habit Tracker'!M19="✔", IF(ISNUMBER(L19), L19+1, 1), IF('Habit Tracker'!M19="—", IF(ISNUMBER(L19), L19, 0), 0))) | N19: =IF('Habit Tracker'!N$12>DATE(2026,8,18), "", IF('Habit Tracker'!N19="✔", IF(ISNUMBER(M19), M19+1, 1), IF('Habit Tracker'!N19="—", IF(ISNUMBER(M19), M19, 0), 0))) | O19: =IF('Habit Tracker'!O$12>DATE(2026,8,18), "", IF('Habit Tracker'!O19="✔", IF(ISNUMBER(N19), N19+1, 1), IF('Habit Tracker'!O19="—", IF(ISNUMBER(N19), N19, 0), 0))) | P19: =IF('Habit Tracker'!P$12>DATE(2026,8,18), "", IF('Habit Tracker'!P19="✔", IF(ISNUMBER(O19), O19+1, 1), IF('Habit Tracker'!P19="—", IF(ISNUMBER(O19), O19, 0), 0))) | Q19: =IF('Habit Tracker'!Q$12>DATE(2026,8,18), "", IF('Habit Tracker'!Q19="✔", IF(ISNUMBER(P19), P19+1, 1), IF('Habit Tracker'!Q19="—", IF(ISNUMBER(P19), P19, 0), 0))) | R19: =IF('Habit Tracker'!R$12>DATE(2026,8,18), "", IF('Habit Tracker'!R19="✔", IF(ISNUMBER(Q19), Q19+1, 1), IF('Habit Tracker'!R19="—", IF(ISNUMBER(Q19), Q19, 0), 0))) | ... AN19: =IF('Habit Tracker'!AN$12>DATE(2026,8,18), "", IF('Habit Tracker'!AN19="✔", IF(ISNUMBER(AM19), AM19+1, 1), IF('Habit Tracker'!AN19="—", IF(ISNUMBER(AM19), AM19, 0), 0)))
J20: =IF('Habit Tracker'!J$12>DATE(2026,8,18), "", IF('Habit Tracker'!J20="✔", 1, 0)) | K20: =IF('Habit Tracker'!K$12>DATE(2026,8,18), "", IF('Habit Tracker'!K20="✔", IF(ISNUMBER(J20), J20+1, 1), IF('Habit Tracker'!K20="—", IF(ISNUMBER(J20), J20, 0), 0))) | L20: =IF('Habit Tracker'!L$12>DATE(2026,8,18), "", IF('Habit Tracker'!L20="✔", IF(ISNUMBER(K20), K20+1, 1), IF('Habit Tracker'!L20="—", IF(ISNUMBER(K20), K20, 0), 0))) | M20: =IF('Habit Tracker'!M$12>DATE(2026,8,18), "", IF('Habit Tracker'!M20="✔", IF(ISNUMBER(L20), L20+1, 1), IF('Habit Tracker'!M20="—", IF(ISNUMBER(L20), L20, 0), 0))) | N20: =IF('Habit Tracker'!N$12>DATE(2026,8,18), "", IF('Habit Tracker'!N20="✔", IF(ISNUMBER(M20), M20+1, 1), IF('Habit Tracker'!N20="—", IF(ISNUMBER(M20), M20, 0), 0))) | O20: =IF('Habit Tracker'!O$12>DATE(2026,8,18), "", IF('Habit Tracker'!O20="✔", IF(ISNUMBER(N20), N20+1, 1), IF('Habit Tracker'!O20="—", IF(ISNUMBER(N20), N20, 0), 0))) | P20: =IF('Habit Tracker'!P$12>DATE(2026,8,18), "", IF('Habit Tracker'!P20="✔", IF(ISNUMBER(O20), O20+1, 1), IF('Habit Tracker'!P20="—", IF(ISNUMBER(O20), O20, 0), 0))) | Q20: =IF('Habit Tracker'!Q$12>DATE(2026,8,18), "", IF('Habit Tracker'!Q20="✔", IF(ISNUMBER(P20), P20+1, 1), IF('Habit Tracker'!Q20="—", IF(ISNUMBER(P20), P20, 0), 0))) | R20: =IF('Habit Tracker'!R$12>DATE(2026,8,18), "", IF('Habit Tracker'!R20="✔", IF(ISNUMBER(Q20), Q20+1, 1), IF('Habit Tracker'!R20="—", IF(ISNUMBER(Q20), Q20, 0), 0))) | ... AN20: =IF('Habit Tracker'!AN$12>DATE(2026,8,18), "", IF('Habit Tracker'!AN20="✔", IF(ISNUMBER(AM20), AM20+1, 1), IF('Habit Tracker'!AN20="—", IF(ISNUMBER(AM20), AM20, 0), 0)))
J21: =IF('Habit Tracker'!J$12>DATE(2026,8,18), "", IF('Habit Tracker'!J21="✔", 1, 0)) | K21: =IF('Habit Tracker'!K$12>DATE(2026,8,18), "", IF('Habit Tracker'!K21="✔", IF(ISNUMBER(J21), J21+1, 1), IF('Habit Tracker'!K21="—", IF(ISNUMBER(J21), J21, 0), 0))) | L21: =IF('Habit Tracker'!L$12>DATE(2026,8,18), "", IF('Habit Tracker'!L21="✔", IF(ISNUMBER(K21), K21+1, 1), IF('Habit Tracker'!L21="—", IF(ISNUMBER(K21), K21, 0), 0))) | M21: =IF('Habit Tracker'!M$12>DATE(2026,8,18), "", IF('Habit Tracker'!M21="✔", IF(ISNUMBER(L21), L21+1, 1), IF('Habit Tracker'!M21="—", IF(ISNUMBER(L21), L21, 0), 0))) | N21: =IF('Habit Tracker'!N$12>DATE(2026,8,18), "", IF('Habit Tracker'!N21="✔", IF(ISNUMBER(M21), M21+1, 1), IF('Habit Tracker'!N21="—", IF(ISNUMBER(M21), M21, 0), 0))) | O21: =IF('Habit Tracker'!O$12>DATE(2026,8,18), "", IF('Habit Tracker'!O21="✔", IF(ISNUMBER(N21), N21+1, 1), IF('Habit Tracker'!O21="—", IF(ISNUMBER(N21), N21, 0), 0))) | P21: =IF('Habit Tracker'!P$12>DATE(2026,8,18), "", IF('Habit Tracker'!P21="✔", IF(ISNUMBER(O21), O21+1, 1), IF('Habit Tracker'!P21="—", IF(ISNUMBER(O21), O21, 0), 0))) | Q21: =IF('Habit Tracker'!Q$12>DATE(2026,8,18), "", IF('Habit Tracker'!Q21="✔", IF(ISNUMBER(P21), P21+1, 1), IF('Habit Tracker'!Q21="—", IF(ISNUMBER(P21), P21, 0), 0))) | R21: =IF('Habit Tracker'!R$12>DATE(2026,8,18), "", IF('Habit Tracker'!R21="✔", IF(ISNUMBER(Q21), Q21+1, 1), IF('Habit Tracker'!R21="—", IF(ISNUMBER(Q21), Q21, 0), 0))) | ... AN21: =IF('Habit Tracker'!AN$12>DATE(2026,8,18), "", IF('Habit Tracker'!AN21="✔", IF(ISNUMBER(AM21), AM21+1, 1), IF('Habit Tracker'!AN21="—", IF(ISNUMBER(AM21), AM21, 0), 0)))
J22: =IF('Habit Tracker'!J$12>DATE(2026,8,18), "", IF('Habit Tracker'!J22="✔", 1, 0)) | K22: =IF('Habit Tracker'!K$12>DATE(2026,8,18), "", IF('Habit Tracker'!K22="✔", IF(ISNUMBER(J22), J22+1, 1), IF('Habit Tracker'!K22="—", IF(ISNUMBER(J22), J22, 0), 0))) | L22: =IF('Habit Tracker'!L$12>DATE(2026,8,18), "", IF('Habit Tracker'!L22="✔", IF(ISNUMBER(K22), K22+1, 1), IF('Habit Tracker'!L22="—", IF(ISNUMBER(K22), K22, 0), 0))) | M22: =IF('Habit Tracker'!M$12>DATE(2026,8,18), "", IF('Habit Tracker'!M22="✔", IF(ISNUMBER(L22), L22+1, 1), IF('Habit Tracker'!M22="—", IF(ISNUMBER(L22), L22, 0), 0))) | N22: =IF('Habit Tracker'!N$12>DATE(2026,8,18), "", IF('Habit Tracker'!N22="✔", IF(ISNUMBER(M22), M22+1, 1), IF('Habit Tracker'!N22="—", IF(ISNUMBER(M22), M22, 0), 0))) | O22: =IF('Habit Tracker'!O$12>DATE(2026,8,18), "", IF('Habit Tracker'!O22="✔", IF(ISNUMBER(N22), N22+1, 1), IF('Habit Tracker'!O22="—", IF(ISNUMBER(N22), N22, 0), 0))) | P22: =IF('Habit Tracker'!P$12>DATE(2026,8,18), "", IF('Habit Tracker'!P22="✔", IF(ISNUMBER(O22), O22+1, 1), IF('Habit Tracker'!P22="—", IF(ISNUMBER(O22), O22, 0), 0))) | Q22: =IF('Habit Tracker'!Q$12>DATE(2026,8,18), "", IF('Habit Tracker'!Q22="✔", IF(ISNUMBER(P22), P22+1, 1), IF('Habit Tracker'!Q22="—", IF(ISNUMBER(P22), P22, 0), 0))) | R22: =IF('Habit Tracker'!R$12>DATE(2026,8,18), "", IF('Habit Tracker'!R22="✔", IF(ISNUMBER(Q22), Q22+1, 1), IF('Habit Tracker'!R22="—", IF(ISNUMBER(Q22), Q22, 0), 0))) | ... AN22: =IF('Habit Tracker'!AN$12>DATE(2026,8,18), "", IF('Habit Tracker'!AN22="✔", IF(ISNUMBER(AM22), AM22+1, 1), IF('Habit Tracker'!AN22="—", IF(ISNUMBER(AM22), AM22, 0), 0)))
J23: =IF('Habit Tracker'!J$12>DATE(2026,8,18), "", IF('Habit Tracker'!J23="✔", 1, 0)) | K23: =IF('Habit Tracker'!K$12>DATE(2026,8,18), "", IF('Habit Tracker'!K23="✔", IF(ISNUMBER(J23), J23+1, 1), IF('Habit Tracker'!K23="—", IF(ISNUMBER(J23), J23, 0), 0))) | L23: =IF('Habit Tracker'!L$12>DATE(2026,8,18), "", IF('Habit Tracker'!L23="✔", IF(ISNUMBER(K23), K23+1, 1), IF('Habit Tracker'!L23="—", IF(ISNUMBER(K23), K23, 0), 0))) | M23: =IF('Habit Tracker'!M$12>DATE(2026,8,18), "", IF('Habit Tracker'!M23="✔", IF(ISNUMBER(L23), L23+1, 1), IF('Habit Tracker'!M23="—", IF(ISNUMBER(L23), L23, 0), 0))) | N23: =IF('Habit Tracker'!N$12>DATE(2026,8,18), "", IF('Habit Tracker'!N23="✔", IF(ISNUMBER(M23), M23+1, 1), IF('Habit Tracker'!N23="—", IF(ISNUMBER(M23), M23, 0), 0))) | O23: =IF('Habit Tracker'!O$12>DATE(2026,8,18), "", IF('Habit Tracker'!O23="✔", IF(ISNUMBER(N23), N23+1, 1), IF('Habit Tracker'!O23="—", IF(ISNUMBER(N23), N23, 0), 0))) | P23: =IF('Habit Tracker'!P$12>DATE(2026,8,18), "", IF('Habit Tracker'!P23="✔", IF(ISNUMBER(O23), O23+1, 1), IF('Habit Tracker'!P23="—", IF(ISNUMBER(O23), O23, 0), 0))) | Q23: =IF('Habit Tracker'!Q$12>DATE(2026,8,18), "", IF('Habit Tracker'!Q23="✔", IF(ISNUMBER(P23), P23+1, 1), IF('Habit Tracker'!Q23="—", IF(ISNUMBER(P23), P23, 0), 0))) | R23: =IF('Habit Tracker'!R$12>DATE(2026,8,18), "", IF('Habit Tracker'!R23="✔", IF(ISNUMBER(Q23), Q23+1, 1), IF('Habit Tracker'!R23="—", IF(ISNUMBER(Q23), Q23, 0), 0))) | ... AN23: =IF('Habit Tracker'!AN$12>DATE(2026,8,18), "", IF('Habit Tracker'!AN23="✔", IF(ISNUMBER(AM23), AM23+1, 1), IF('Habit Tracker'!AN23="—", IF(ISNUMBER(AM23), AM23, 0), 0)))
J24: =IF('Habit Tracker'!J$12>DATE(2026,8,18), "", IF('Habit Tracker'!J24="✔", 1, 0)) | K24: =IF('Habit Tracker'!K$12>DATE(2026,8,18), "", IF('Habit Tracker'!K24="✔", IF(ISNUMBER(J24), J24+1, 1), IF('Habit Tracker'!K24="—", IF(ISNUMBER(J24), J24, 0), 0))) | L24: =IF('Habit Tracker'!L$12>DATE(2026,8,18), "", IF('Habit Tracker'!L24="✔", IF(ISNUMBER(K24), K24+1, 1), IF('Habit Tracker'!L24="—", IF(ISNUMBER(K24), K24, 0), 0))) | M24: =IF('Habit Tracker'!M$12>DATE(2026,8,18), "", IF('Habit Tracker'!M24="✔", IF(ISNUMBER(L24), L24+1, 1), IF('Habit Tracker'!M24="—", IF(ISNUMBER(L24), L24, 0), 0))) | N24: =IF('Habit Tracker'!N$12>DATE(2026,8,18), "", IF('Habit Tracker'!N24="✔", IF(ISNUMBER(M24), M24+1, 1), IF('Habit Tracker'!N24="—", IF(ISNUMBER(M24), M24, 0), 0))) | O24: =IF('Habit Tracker'!O$12>DATE(2026,8,18), "", IF('Habit Tracker'!O24="✔", IF(ISNUMBER(N24), N24+1, 1), IF('Habit Tracker'!O24="—", IF(ISNUMBER(N24), N24, 0), 0))) | P24: =IF('Habit Tracker'!P$12>DATE(2026,8,18), "", IF('Habit Tracker'!P24="✔", IF(ISNUMBER(O24), O24+1, 1), IF('Habit Tracker'!P24="—", IF(ISNUMBER(O24), O24, 0), 0))) | Q24: =IF('Habit Tracker'!Q$12>DATE(2026,8,18), "", IF('Habit Tracker'!Q24="✔", IF(ISNUMBER(P24), P24+1, 1), IF('Habit Tracker'!Q24="—", IF(ISNUMBER(P24), P24, 0), 0))) | R24: =IF('Habit Tracker'!R$12>DATE(2026,8,18), "", IF('Habit Tracker'!R24="✔", IF(ISNUMBER(Q24), Q24+1, 1), IF('Habit Tracker'!R24="—", IF(ISNUMBER(Q24), Q24, 0), 0))) | ... AN24: =IF('Habit Tracker'!AN$12>DATE(2026,8,18), "", IF('Habit Tracker'!AN24="✔", IF(ISNUMBER(AM24), AM24+1, 1), IF('Habit Tracker'!AN24="—", IF(ISNUMBER(AM24), AM24, 0), 0)))
... J27: =IF('Habit Tracker'!J$12>DATE(2026,8,18), "", IF('Habit Tracker'!J27="✔", 1, 0)) | K27: =IF('Habit Tracker'!K$12>DATE(2026,8,18), "", IF('Habit Tracker'!K27="✔", IF(ISNUMBER(J27), J27+1, 1), IF('Habit Tracker'!K27="—", IF(ISNUMBER(J27), J27, 0), 0))) | L27: =IF('Habit Tracker'!L$12>DATE(2026,8,18), "", IF('Habit Tracker'!L27="✔", IF(ISNUMBER(K27), K27+1, 1), IF('Habit Tracker'!L27="—", IF(ISNUMBER(K27), K27, 0), 0))) | M27: =IF('Habit Tracker'!M$12>DATE(2026,8,18), "", IF('Habit Tracker'!M27="✔", IF(ISNUMBER(L27), L27+1, 1), IF('Habit Tracker'!M27="—", IF(ISNUMBER(L27), L27, 0), 0))) | N27: =IF('Habit Tracker'!N$12>DATE(2026,8,18), "", IF('Habit Tracker'!N27="✔", IF(ISNUMBER(M27), M27+1, 1), IF('Habit Tracker'!N27="—", IF(ISNUMBER(M27), M27, 0), 0))) | O27: =IF('Habit Tracker'!O$12>DATE(2026,8,18), "", IF('Habit Tracker'!O27="✔", IF(ISNUMBER(N27), N27+1, 1), IF('Habit Tracker'!O27="—", IF(ISNUMBER(N27), N27, 0), 0))) | P27: =IF('Habit Tracker'!P$12>DATE(2026,8,18), "", IF('Habit Tracker'!P27="✔", IF(ISNUMBER(O27), O27+1, 1), IF('Habit Tracker'!P27="—", IF(ISNUMBER(O27), O27, 0), 0))) | Q27: =IF('Habit Tracker'!Q$12>DATE(2026,8,18), "", IF('Habit Tracker'!Q27="✔", IF(ISNUMBER(P27), P27+1, 1), IF('Habit Tracker'!Q27="—", IF(ISNUMBER(P27), P27, 0), 0))) | R27: =IF('Habit Tracker'!R$12>DATE(2026,8,18), "", IF('Habit Tracker'!R27="✔", IF(ISNUMBER(Q27), Q27+1, 1), IF('Habit Tracker'!R27="—", IF(ISNUMBER(Q27), Q27, 0), 0))) | ... AN27: =IF('Habit Tracker'!AN$12>DATE(2026,8,18), "", IF('Habit Tracker'!AN27="✔", IF(ISNUMBER(AM27), AM27+1, 1), IF('Habit Tracker'!AN27="—", IF(ISNUMBER(AM27), AM27, 0), 0)))

Sheet Milestones and Rewards
A1: Generated 2026-08-19 | v2.0
B2: SAGE HABIT TRACKER — MILESTONES & REWARDS
B5: LEVELING & PROGRESSION | F5: AUTOMATED MILESTONES & BADGES
B6: Current Level | C6: =IF(C7<250, "Level 1: Novice Tracker ⚔", IF(C7<500, "Level 2: Habit Builder 🛡", IF(C7<1000, "Level 3: Consistency Master 🔮", "Level 4: Legendary Achiever 🏆"))) | F6: First Steps | G6: 🌱 | H6: =IF('Habit Tracker'!J6>=1, "🔓 UNLOCKED", "🔒 LOCKED") | I6: Earned by completing your very first habit check-in.
B7: Total XP Earned | C7: ='Habit Tracker'!J6 * 10 | D7: XP | F7: Week on Fire | G7: 🔥 | H7: =IF('Habit Tracker'!F6>=7, "🔓 UNLOCKED", "🔒 LOCKED") | I7: Earned by achieving an active streak of 7+ days.
B8: Next Level XP Target | C8: =IF(C7<250, 250, IF(C7<500, 500, IF(C7<1000, 1000, "MAXED"))) | D8: XP | F8: Halfway Hero | G8: ⚡ | H8: =IF('Habit Tracker'!B6>=0.5, "🔓 UNLOCKED", "🔒 LOCKED") | I8: Earned by reaching an overall success rate of 50%+.
B9: Level Progress % | C9: =IF(ISNUMBER(C8), C7/C8, 1.0) | F9: Century Club | G9: 💯 | H9: =IF('Habit Tracker'!J6>=100, "🔓 UNLOCKED", "🔒 LOCKED") | I9: Earned by logging 100+ total habit check-ins.
B10: XP Progress Bar | C10: =REPT("■", ROUND(C9*10,0)) & REPT("░", 10 - ROUND(C9*10,0)) | F10: Mind & Body Master | G10: 🧘 | H10: =IF(SUMIF('Habit Tracker'!C13:C27, "Health", 'Habit Tracker'!F13:F27)>=50, "🔓 UNLOCKED", "🔒 LOCKED") | I10: Earned by completing 50+ health-focused habits.
B11: Earn 10 XP for every completed habit check-in! Levels unlock at 250 XP, 500 XP, and 1,000 XP. | F11: Ultimate Legend | G11: 👑 | H11: =IF(AND('Habit Tracker'!B6>=0.8, 'Habit Tracker'!F6>=14), "🔓 UNLOCKED", "🔒 LOCKED") | I11: Earned by holding an 80%+ success rate & 14-day streak.
B14: PERSONAL INCENTIVES SYSTEM (Self-Contract Rewards)
B15: Milestone Target | C15: My Custom Reward Description (Double-click to customize) | D15: Estimated Cost | E15: Unlock Status | F15: Claimed? | G15: Date Claimed | H15: Self Notes & Reflections
B16: Level 2 (250 XP) | C16: Treat myself to a favorite cheat meal or premium movie night | D16: 15 | E16: =IF(C7>=250, "🔓 UNLOCKED", "🔒 LOCKED") | F16: No | H16: Celebrate building a strong habit foundation!
B17: Level 3 (500 XP) | C17: Buy that new book, video game, or self-care item | D17: 40 | E17: =IF(C7>=500, "🔓 UNLOCKED", "🔒 LOCKED") | F17: No | H17: A major milestone reached. Consistency pays off!
B18: Level 4 (1000 XP) | C18: Take a full weekend day completely off to relax guilt-free | D18: Priceless | E18: =IF(C7>=1000, "🔓 UNLOCKED", "🔒 LOCKED") | F18: No | H18: Legendary level of focus. Time for deep, earned rest.
B19: Month Complete (>70%) | C19: Subscribe to a health/wellness app or buy new active wear | D19: 60 | E19: =IF('Habit Tracker'!B6>=0.7, "🔓 UNLOCKED", "🔒 LOCKED") | F19: No | H19: Consistent performance for the whole month. Brilliant work!
